[
  {
    "slug": "blog/buy-gold-online-in-australia",
    "country": "Australia",
    "title": "Buy Gold Online in Australia",
    "subtext": "Buy Gold Online in Australia, Discover the Best Deals in 2024",
    "description": "Looking to purchase gold bars online in the Australia?",
    "date": "2024-06-18T00:00:00.000Z",
    "published": true,
    "body": "const{Fragment:e,jsx:t,jsxs:n}=arguments[0];function _createMdxContent(i){const o={p:\"p\",...i.components};return n(e,{children:[t(o.p,{children:\"Gold, a highly sought-after precious metal, presents an excellent opportunity for portfolio diversification, inflation hedging, and wealth preservation. However, the price of gold varies across different countries.\"}),\"\\n\",t(o.p,{children:\"In this article, we will explore the top 15 countries where you can find the most affordable gold prices in 2024.Investing in gold requires careful consideration of authenticity, safety, and trustworthiness. While seeking the most cost-effective options, it is crucial to prioritize reputable sources. Although gold prices remain relatively consistent worldwide, currency fluctuations can impact the final amount you pay. Staying informed about these fluctuations and understanding local regulations is essential.\"}),\"\\n\",t(o.p,{children:\"Countries like Australia have implemented strict guidelines and regulations surrounding gold ownership, ensuring a secure market. Conversely, some nations may lack such safeguards. By purchasing from a trusted gold dealer backed by reputable institutions like the US Mint, you can be confident that you are acquiring genuine, untampered gold without the risk of counterfeit products. Invest wisely and explore the best opportunities to buy gold online in Australia in 2024!\"}),\"\\n\",t(o.p,{children:\"Gold is in demand worldwide. And demand is increasing: more and more private savers and commercial investors see gold as an important, long-term investment, for example to provide for old age. Unlike savings accounts and securities, physical gold is considered an investment that has proven to be comparatively stable in value and crisis-proof.\"}),\"\\n\",t(o.p,{children:\"If you would also like to buy gold or gold bars, this article will tell you what to look out for when buying, which gold bars are best suited and how the price of gold is calculated.\"})]})}return{default:function(e={}){const{wrapper:n}=e.components||{};return n?t(n,{...e,children:t(_createMdxContent,{...e})}):_createMdxContent(e)}};",
    "slugAsParams": "buy-gold-online-in-australia"
  },
  {
    "slug": "blog/buy-gold-online-in-bahamas",
    "country": "Bahamas",
    "title": "Buy Gold Online in Bahamas",
    "subtext": "Buy Gold Online in Bahamas, Discover the Best Deals in 2024",
    "description": "Looking to purchase gold bars online in the Bahamas?",
    "date": "2024-06-18T00:00:00.000Z",
    "published": true,
    "body": "const{Fragment:e,jsx:t,jsxs:n}=arguments[0];function _createMdxContent(i){const o={p:\"p\",...i.components};return n(e,{children:[t(o.p,{children:\"Gold, a highly sought-after precious metal, presents an excellent opportunity for portfolio diversification, inflation hedging, and wealth preservation. However, the price of gold varies across different countries.\"}),\"\\n\",t(o.p,{children:\"In this article, we will explore the top 15 countries where you can find the most affordable gold prices in 2024.Investing in gold requires careful consideration of authenticity, safety, and trustworthiness. While seeking the most cost-effective options, it is crucial to prioritize reputable sources. Although gold prices remain relatively consistent worldwide, currency fluctuations can impact the final amount you pay. Staying informed about these fluctuations and understanding local regulations is essential.\"}),\"\\n\",t(o.p,{children:\"Countries like Bahamas have implemented strict guidelines and regulations surrounding gold ownership, ensuring a secure market. Conversely, some nations may lack such safeguards. By purchasing from a trusted gold dealer backed by reputable institutions like the US Mint, you can be confident that you are acquiring genuine, untampered gold without the risk of counterfeit products. Invest wisely and explore the best opportunities to buy gold online in Bahamas in 2024!\"}),\"\\n\",t(o.p,{children:\"Gold is in demand worldwide. And demand is increasing: more and more private savers and commercial investors see gold as an important, long-term investment, for example to provide for old age. Unlike savings accounts and securities, physical gold is considered an investment that has proven to be comparatively stable in value and crisis-proof.\"}),\"\\n\",t(o.p,{children:\"If you would also like to buy gold or gold bars, this article will tell you what to look out for when buying, which gold bars are best suited and how the price of gold is calculated.\"})]})}return{default:function(e={}){const{wrapper:n}=e.components||{};return n?t(n,{...e,children:t(_createMdxContent,{...e})}):_createMdxContent(e)}};",
    "slugAsParams": "buy-gold-online-in-bahamas"
  },
  {
    "slug": "blog/buy-gold-online-in-bahrain",
    "country": "Bahrain",
    "title": "Buy Gold Online in Bahrain",
    "subtext": "Buy Gold Online in Bahrain, Discover the Best Deals in 2024",
    "description": "Looking to purchase gold bars online in the Bahrain?",
    "date": "2024-06-18T00:00:00.000Z",
    "published": true,
    "body": "const{Fragment:e,jsx:n,jsxs:t}=arguments[0];function _createMdxContent(i){const o={p:\"p\",...i.components};return t(e,{children:[n(o.p,{children:\"Gold, a highly sought-after precious metal, presents an excellent opportunity for portfolio diversification, inflation hedging, and wealth preservation. However, the price of gold varies across different countries.\"}),\"\\n\",n(o.p,{children:\"In this article, we will explore the top 15 countries where you can find the most affordable gold prices in 2024.Investing in gold requires careful consideration of authenticity, safety, and trustworthiness. While seeking the most cost-effective options, it is crucial to prioritize reputable sources. Although gold prices remain relatively consistent worldwide, currency fluctuations can impact the final amount you pay. Staying informed about these fluctuations and understanding local regulations is essential.\"}),\"\\n\",n(o.p,{children:\"Countries like Bahrain have implemented strict guidelines and regulations surrounding gold ownership, ensuring a secure market. Conversely, some nations may lack such safeguards. By purchasing from a trusted gold dealer backed by reputable institutions like the US Mint, you can be confident that you are acquiring genuine, untampered gold without the risk of counterfeit products. Invest wisely and explore the best opportunities to buy gold online in Bahrain in 2024!\"}),\"\\n\",n(o.p,{children:\"Gold is in demand worldwide. And demand is increasing: more and more private savers and commercial investors see gold as an important, long-term investment, for example to provide for old age. Unlike savings accounts and securities, physical gold is considered an investment that has proven to be comparatively stable in value and crisis-proof.\"}),\"\\n\",n(o.p,{children:\"If you would also like to buy gold or gold bars, this article will tell you what to look out for when buying, which gold bars are best suited and how the price of gold is calculated.\"})]})}return{default:function(e={}){const{wrapper:t}=e.components||{};return t?n(t,{...e,children:n(_createMdxContent,{...e})}):_createMdxContent(e)}};",
    "slugAsParams": "buy-gold-online-in-bahrain"
  },
  {
    "slug": "blog/buy-gold-online-in-cyprus",
    "country": "Cyprus",
    "title": "Buy Gold Online in Cyprus",
    "subtext": "Buy Gold Online in Cyprus, Discover the Best Deals in 2024",
    "description": "Looking to purchase gold bars online in the Cyprus?",
    "date": "2024-06-18T00:00:00.000Z",
    "published": true,
    "body": "const{Fragment:e,jsx:t,jsxs:n}=arguments[0];function _createMdxContent(i){const o={p:\"p\",...i.components};return n(e,{children:[t(o.p,{children:\"Gold, a highly sought-after precious metal, presents an excellent opportunity for portfolio diversification, inflation hedging, and wealth preservation. However, the price of gold varies across different countries.\"}),\"\\n\",t(o.p,{children:\"In this article, we will explore the top 15 countries where you can find the most affordable gold prices in 2024.Investing in gold requires careful consideration of authenticity, safety, and trustworthiness. While seeking the most cost-effective options, it is crucial to prioritize reputable sources. Although gold prices remain relatively consistent worldwide, currency fluctuations can impact the final amount you pay. Staying informed about these fluctuations and understanding local regulations is essential.\"}),\"\\n\",t(o.p,{children:\"Countries like Cyprus have implemented strict guidelines and regulations surrounding gold ownership, ensuring a secure market. Conversely, some nations may lack such safeguards. By purchasing from a trusted gold dealer backed by reputable institutions like the US Mint, you can be confident that you are acquiring genuine, untampered gold without the risk of counterfeit products. Invest wisely and explore the best opportunities to buy gold online in Cyprus in 2024!\"}),\"\\n\",t(o.p,{children:\"Gold is in demand worldwide. And demand is increasing: more and more private savers and commercial investors see gold as an important, long-term investment, for example to provide for old age. Unlike savings accounts and securities, physical gold is considered an investment that has proven to be comparatively stable in value and crisis-proof.\"}),\"\\n\",t(o.p,{children:\"If you would also like to buy gold or gold bars, this article will tell you what to look out for when buying, which gold bars are best suited and how the price of gold is calculated.\"})]})}return{default:function(e={}){const{wrapper:n}=e.components||{};return n?t(n,{...e,children:t(_createMdxContent,{...e})}):_createMdxContent(e)}};",
    "slugAsParams": "buy-gold-online-in-cyprus"
  },
  {
    "slug": "blog/buy-gold-online-in-czech-republic",
    "country": "Czech Republic",
    "title": "Buy Gold Online in Czech Republic",
    "subtext": "Buy Gold Online in Czech Republic, Discover the Best Deals in 2024",
    "description": "Looking to purchase gold bars online in the Czech Republic?",
    "date": "2024-06-18T00:00:00.000Z",
    "published": true,
    "body": "const{Fragment:e,jsx:t,jsxs:n}=arguments[0];function _createMdxContent(i){const o={p:\"p\",...i.components};return n(e,{children:[t(o.p,{children:\"Gold, a highly sought-after precious metal, presents an excellent opportunity for portfolio diversification, inflation hedging, and wealth preservation. However, the price of gold varies across different countries.\"}),\"\\n\",t(o.p,{children:\"In this article, we will explore the top 15 countries where you can find the most affordable gold prices in 2024.Investing in gold requires careful consideration of authenticity, safety, and trustworthiness. While seeking the most cost-effective options, it is crucial to prioritize reputable sources. Although gold prices remain relatively consistent worldwide, currency fluctuations can impact the final amount you pay. Staying informed about these fluctuations and understanding local regulations is essential.\"}),\"\\n\",t(o.p,{children:\"Countries like Czech Republic have implemented strict guidelines and regulations surrounding gold ownership, ensuring a secure market. Conversely, some nations may lack such safeguards. By purchasing from a trusted gold dealer backed by reputable institutions like the US Mint, you can be confident that you are acquiring genuine, untampered gold without the risk of counterfeit products. Invest wisely and explore the best opportunities to buy gold online in Czech Republic in 2024!\"}),\"\\n\",t(o.p,{children:\"Gold is in demand worldwide. And demand is increasing: more and more private savers and commercial investors see gold as an important, long-term investment, for example to provide for old age. Unlike savings accounts and securities, physical gold is considered an investment that has proven to be comparatively stable in value and crisis-proof.\"}),\"\\n\",t(o.p,{children:\"If you would also like to buy gold or gold bars, this article will tell you what to look out for when buying, which gold bars are best suited and how the price of gold is calculated.\"})]})}return{default:function(e={}){const{wrapper:n}=e.components||{};return n?t(n,{...e,children:t(_createMdxContent,{...e})}):_createMdxContent(e)}};",
    "slugAsParams": "buy-gold-online-in-czech-republic"
  },
  {
    "slug": "blog/buy-gold-online-in-dubai",
    "country": "Dubai",
    "title": "Buy Gold Online in Dubai",
    "subtext": "Buy Gold Online in Dubai, Discover the Best Deals in 2024",
    "description": "Looking to purchase gold bars online in the Dubai?",
    "date": "2024-06-18T00:00:00.000Z",
    "published": true,
    "body": "const{Fragment:e,jsx:t,jsxs:n}=arguments[0];function _createMdxContent(i){const o={p:\"p\",...i.components};return n(e,{children:[t(o.p,{children:\"Gold, a highly sought-after precious metal, presents an excellent opportunity for portfolio diversification, inflation hedging, and wealth preservation. However, the price of gold varies across different countries.\"}),\"\\n\",t(o.p,{children:\"In this article, we will explore the top 15 countries where you can find the most affordable gold prices in 2024.Investing in gold requires careful consideration of authenticity, safety, and trustworthiness. While seeking the most cost-effective options, it is crucial to prioritize reputable sources. Although gold prices remain relatively consistent worldwide, currency fluctuations can impact the final amount you pay.\"}),\"\\n\",t(o.p,{children:\"Staying informed about these fluctuations and understanding local regulations is essential. Countries like Dubai have implemented strict guidelines and regulations surrounding gold ownership, ensuring a secure market. Conversely, some nations may lack such safeguards. By purchasing from a trusted gold dealer backed by reputable institutions like the US Mint, you can be confident that you are acquiring genuine, untampered gold without the risk of counterfeit products. Invest wisely and explore the best opportunities to buy gold online in Dubai in 2024!\"}),\"\\n\",t(o.p,{children:\"Gold is in demand worldwide. And demand is increasing: more and more private savers and commercial investors see gold as an important, long-term investment, for example to provide for old age. Unlike savings accounts and securities, physical gold is considered an investment that has proven to be comparatively stable in value and crisis-proof.\"}),\"\\n\",t(o.p,{children:\"If you would also like to buy gold or gold bars, this article will tell you what to look out for when buying, which gold bars are best suited and how the price of gold is calculated.\"})]})}return{default:function(e={}){const{wrapper:n}=e.components||{};return n?t(n,{...e,children:t(_createMdxContent,{...e})}):_createMdxContent(e)}};",
    "slugAsParams": "buy-gold-online-in-dubai"
  },
  {
    "slug": "blog/buy-gold-online-in-finland",
    "country": "Finland",
    "title": "Buy Gold Online in Finland",
    "subtext": "Buy Gold Online in Finland, Discover the Best Deals in 2024",
    "description": "Looking to purchase gold bars online in the Finland?",
    "date": "2024-06-18T00:00:00.000Z",
    "published": true,
    "body": "const{Fragment:e,jsx:n,jsxs:t}=arguments[0];function _createMdxContent(i){const o={p:\"p\",...i.components};return t(e,{children:[n(o.p,{children:\"Gold, a highly sought-after precious metal, presents an excellent opportunity for portfolio diversification, inflation hedging, and wealth preservation. However, the price of gold varies across different countries.\"}),\"\\n\",n(o.p,{children:\"In this article, we will explore the top 15 countries where you can find the most affordable gold prices in 2024.Investing in gold requires careful consideration of authenticity, safety, and trustworthiness. While seeking the most cost-effective options, it is crucial to prioritize reputable sources. Although gold prices remain relatively consistent worldwide, currency fluctuations can impact the final amount you pay. Staying informed about these fluctuations and understanding local regulations is essential.\"}),\"\\n\",n(o.p,{children:\"Countries like Finland have implemented strict guidelines and regulations surrounding gold ownership, ensuring a secure market. Conversely, some nations may lack such safeguards. By purchasing from a trusted gold dealer backed by reputable institutions like the US Mint, you can be confident that you are acquiring genuine, untampered gold without the risk of counterfeit products. Invest wisely and explore the best opportunities to buy gold online in Finland in 2024!\"}),\"\\n\",n(o.p,{children:\"Gold is in demand worldwide. And demand is increasing: more and more private savers and commercial investors see gold as an important, long-term investment, for example to provide for old age. Unlike savings accounts and securities, physical gold is considered an investment that has proven to be comparatively stable in value and crisis-proof.\"}),\"\\n\",n(o.p,{children:\"If you would also like to buy gold or gold bars, this article will tell you what to look out for when buying, which gold bars are best suited and how the price of gold is calculated.\"})]})}return{default:function(e={}){const{wrapper:t}=e.components||{};return t?n(t,{...e,children:n(_createMdxContent,{...e})}):_createMdxContent(e)}};",
    "slugAsParams": "buy-gold-online-in-finland"
  },
  {
    "slug": "blog/buy-gold-online-in-hong-kong",
    "country": "Hong Kong",
    "title": "Buy Gold Online in Hong Kong",
    "subtext": "Buy Gold Online in Hong Kong, Discover the Best Deals in 2024",
    "description": "Looking to purchase gold bars online in the Hong Kong?",
    "date": "2024-06-18T00:00:00.000Z",
    "published": true,
    "body": "const{Fragment:e,jsx:t,jsxs:n}=arguments[0];function _createMdxContent(o){const i={h1:\"h1\",p:\"p\",...o.components},{Image:r}=i;return r||function(e,t){throw new Error(\"Expected \"+(t?\"component\":\"object\")+\" `\"+e+\"` to be defined: you likely forgot to import, pass, or provide it.\")}(\"Image\",!0),n(e,{children:[t(i.p,{children:\"Gold, a highly sought-after precious metal, presents an excellent opportunity for portfolio diversification, inflation hedging, and wealth preservation. However, the price of gold varies across different countries. In this article, we will explore the top 15 countries where you can find the most affordable gold prices in 2024.Investing in gold requires careful consideration of authenticity, safety, and trustworthiness. While seeking the most cost-effective options, it is crucial to prioritize reputable sources.\"}),\"\\n\",t(r,{src:\"/gold14.webp\",width:\"718\",height:\"204\",sizes:\"100vw\",alt:\"DRC and Emirati have sealed their Gold partnership\"}),\"\\n\",t(i.p,{children:\"Although gold prices remain relatively consistent worldwide, currency fluctuations can impact the final amount you pay. Staying informed about these fluctuations and understanding local regulations is essential. Countries like Hong Kong have implemented strict guidelines and regulations surrounding gold ownership, ensuring a secure market. Conversely, some nations may lack such safeguards. By purchasing from a trusted gold dealer backed by reputable institutions like the US Mint, you can be confident that you are acquiring genuine, untampered gold without the risk of counterfeit products. Invest wisely and explore the best opportunities to buy gold online in Hong Kong in 2024!\"}),\"\\n\",t(i.h1,{children:\"Gold is in demand worldwide.\"}),\"\\n\",t(i.p,{children:\"And demand is increasing: more and more private savers and commercial investors see gold as an important, long-term investment, for example to provide for old age. Unlike savings accounts and securities, physical gold is considered an investment that has proven to be comparatively stable in value and crisis-proof. If you would also like to buy gold or gold bars, this article will tell you what to look out for when buying, which gold bars are best suited and how the price of gold is calculated.\"})]})}return{default:function(e={}){const{wrapper:n}=e.components||{};return n?t(n,{...e,children:t(_createMdxContent,{...e})}):_createMdxContent(e)}};",
    "slugAsParams": "buy-gold-online-in-hong-kong"
  },
  {
    "slug": "blog/buy-gold-online-in-hungry",
    "country": "Hungry",
    "title": "Buy Gold Online in Hungry",
    "subtext": "Buy Gold Online in Hungry, Discover the Best Deals in 2024",
    "description": "Looking to purchase gold bars online in the Hungry?",
    "date": "2024-06-18T00:00:00.000Z",
    "published": true,
    "body": "const{Fragment:e,jsx:n,jsxs:t}=arguments[0];function _createMdxContent(i){const o={p:\"p\",...i.components};return t(e,{children:[n(o.p,{children:\"Gold, a highly sought-after precious metal, presents an excellent opportunity for portfolio diversification, inflation hedging, and wealth preservation. However, the price of gold varies across different countries.\"}),\"\\n\",n(o.p,{children:\"In this article, we will explore the top 15 countries where you can find the most affordable gold prices in 2024.Investing in gold requires careful consideration of authenticity, safety, and trustworthiness. While seeking the most cost-effective options, it is crucial to prioritize reputable sources. Although gold prices remain relatively consistent worldwide, currency fluctuations can impact the final amount you pay. Staying informed about these fluctuations and understanding local regulations is essential.\"}),\"\\n\",n(o.p,{children:\"Countries like Hungry have implemented strict guidelines and regulations surrounding gold ownership, ensuring a secure market. Conversely, some nations may lack such safeguards. By purchasing from a trusted gold dealer backed by reputable institutions like the US Mint, you can be confident that you are acquiring genuine, untampered gold without the risk of counterfeit products. Invest wisely and explore the best opportunities to buy gold online in Hungry in 2024!\"}),\"\\n\",n(o.p,{children:\"Gold is in demand worldwide. And demand is increasing: more and more private savers and commercial investors see gold as an important, long-term investment, for example to provide for old age. Unlike savings accounts and securities, physical gold is considered an investment that has proven to be comparatively stable in value and crisis-proof.\"}),\"\\n\",n(o.p,{children:\"If you would also like to buy gold or gold bars, this article will tell you what to look out for when buying, which gold bars are best suited and how the price of gold is calculated.\"})]})}return{default:function(e={}){const{wrapper:t}=e.components||{};return t?n(t,{...e,children:n(_createMdxContent,{...e})}):_createMdxContent(e)}};",
    "slugAsParams": "buy-gold-online-in-hungry"
  },
  {
    "slug": "blog/buy-gold-online-in-Iran",
    "country": "Iran",
    "title": "Buy Gold Online in Iran",
    "subtext": "Buy Gold Online in Iran Discover the Best Deals in 2024",
    "description": "Looking to purchase gold bars online in the Iran?",
    "date": "2024-06-18T00:00:00.000Z",
    "published": true,
    "body": "const{Fragment:e,jsx:t,jsxs:n}=arguments[0];function _createMdxContent(i){const o={p:\"p\",...i.components},{Image:r}=o;return r||function(e,t){throw new Error(\"Expected \"+(t?\"component\":\"object\")+\" `\"+e+\"` to be defined: you likely forgot to import, pass, or provide it.\")}(\"Image\",!0),n(e,{children:[t(o.p,{children:\"Gold, a highly sought-after precious metal, presents an excellent opportunity for portfolio diversification, inflation hedging, and wealth preservation. However, the price of gold varies across different countries. In this article, we will explore the top 15 countries where you can find the most affordable gold prices in 2024.Investing in gold requires careful consideration of authenticity, safety, and trustworthiness. While seeking the most cost-effective options, it is crucial to prioritize reputable sources. Although gold prices remain relatively consistent worldwide, currency fluctuations can impact the final amount you pay.\"}),\"\\n\",t(r,{src:\"/gold24.webp\",width:\"718\",height:\"204\",sizes:\"100vw\",alt:\"DRC and Emirati have sealed their Gold partnership\"}),\"\\n\",t(o.p,{children:\"Staying informed about these fluctuations and understanding local regulations is essential. Countries like Iran have implemented strict guidelines and regulations surrounding gold ownership, ensuring a secure market. Conversely, some nations may lack such safeguards. By purchasing from a trusted gold dealer backed by reputable institutions like the US Mint, you can be confident that you are acquiring genuine, untampered gold without the risk of counterfeit products. Invest wisely and explore the best opportunities to buy gold online in Iran in 2024!\"}),\"\\n\",t(r,{src:\"/gold34.webp\",width:\"718\",height:\"204\",sizes:\"100vw\",alt:\"DRC and Emirati have sealed their Gold partnership\"}),\"\\n\",t(o.p,{children:\"Gold is in demand worldwide. And demand is increasing: more and more private savers and commercial investors see gold as an important, long-term investment, for example to provide for old age. Unlike savings accounts and securities, physical gold is considered an investment that has proven to be comparatively stable in value and crisis-proof. If you would also like to buy gold or gold bars, this article will tell you what to look out for when buying, which gold bars are best suited and how the price of gold is calculated.\"})]})}return{default:function(e={}){const{wrapper:n}=e.components||{};return n?t(n,{...e,children:t(_createMdxContent,{...e})}):_createMdxContent(e)}};",
    "slugAsParams": "buy-gold-online-in-Iran"
  },
  {
    "slug": "blog/buy-gold-online-in-japan",
    "country": "Japan",
    "title": "Buy Gold Online in Japan",
    "subtext": "Buy Gold Online in Japan, Discover the Best Deals in 2024",
    "description": "Looking to purchase gold bars online in the Japan?",
    "date": "2024-06-18T00:00:00.000Z",
    "published": true,
    "body": "const{Fragment:e,jsx:n,jsxs:t}=arguments[0];function _createMdxContent(i){const o={p:\"p\",...i.components};return t(e,{children:[n(o.p,{children:\"Gold, a highly sought-after precious metal, presents an excellent opportunity for portfolio diversification, inflation hedging, and wealth preservation. However, the price of gold varies across different countries.\"}),\"\\n\",n(o.p,{children:\"In this article, we will explore the top 15 countries where you can find the most affordable gold prices in 2024.Investing in gold requires careful consideration of authenticity, safety, and trustworthiness. While seeking the most cost-effective options, it is crucial to prioritize reputable sources. Although gold prices remain relatively consistent worldwide, currency fluctuations can impact the final amount you pay. Staying informed about these fluctuations and understanding local regulations is essential.\"}),\"\\n\",n(o.p,{children:\"Countries like Japan have implemented strict guidelines and regulations surrounding gold ownership, ensuring a secure market. Conversely, some nations may lack such safeguards. By purchasing from a trusted gold dealer backed by reputable institutions like the US Mint, you can be confident that you are acquiring genuine, untampered gold without the risk of counterfeit products. Invest wisely and explore the best opportunities to buy gold online in Japan in 2024!\"}),\"\\n\",n(o.p,{children:\"Gold is in demand worldwide. And demand is increasing: more and more private savers and commercial investors see gold as an important, long-term investment, for example to provide for old age. Unlike savings accounts and securities, physical gold is considered an investment that has proven to be comparatively stable in value and crisis-proof.\"}),\"\\n\",n(o.p,{children:\"If you would also like to buy gold or gold bars, this article will tell you what to look out for when buying, which gold bars are best suited and how the price of gold is calculated.\"})]})}return{default:function(e={}){const{wrapper:t}=e.components||{};return t?n(t,{...e,children:n(_createMdxContent,{...e})}):_createMdxContent(e)}};",
    "slugAsParams": "buy-gold-online-in-japan"
  },
  {
    "slug": "blog/buy-gold-online-in-kuwait",
    "country": "Kuwait",
    "title": "Buy Gold Online in Kuwait",
    "subtext": "Buy Gold Online in Kuwait, Discover the Best Deals in 2024",
    "description": "Looking to purchase gold bars online in the Kuwait?",
    "date": "2024-06-18T00:00:00.000Z",
    "published": true,
    "body": "const{Fragment:e,jsx:t,jsxs:n}=arguments[0];function _createMdxContent(i){const o={p:\"p\",...i.components};return n(e,{children:[t(o.p,{children:\"Gold, a highly sought-after precious metal, presents an excellent opportunity for portfolio diversification, inflation hedging, and wealth preservation. However, the price of gold varies across different countries. In this article, we will explore the top 15 countries where you can find the most affordable gold prices in 2024.Investing in gold requires careful consideration of authenticity, safety, and trustworthiness. While seeking the most cost-effective options, it is crucial to prioritize reputable sources. Although gold prices remain relatively consistent worldwide, currency fluctuations can impact the final amount you pay.\"}),\"\\n\",t(o.p,{children:\"Staying informed about these fluctuations and understanding local regulations is essential. Countries like Kuwait have implemented strict guidelines and regulations surrounding gold ownership, ensuring a secure market. Conversely, some nations may lack such safeguards. By purchasing from a trusted gold dealer backed by reputable institutions like the US Mint, you can be confident that you are acquiring genuine, untampered gold without the risk of counterfeit products. Invest wisely and explore the best opportunities to buy gold online in Kuwait in 2024!\"}),\"\\n\",t(o.p,{children:\"Gold is in demand worldwide. And demand is increasing: more and more private savers and commercial investors see gold as an important, long-term investment, for example to provide for old age. Unlike savings accounts and securities, physical gold is considered an investment that has proven to be comparatively stable in value and crisis-proof. If you would also like to buy gold or gold bars, this article will tell you what to look out for when buying, which gold bars are best suited and how the price of gold is calculated.\"})]})}return{default:function(e={}){const{wrapper:n}=e.components||{};return n?t(n,{...e,children:t(_createMdxContent,{...e})}):_createMdxContent(e)}};",
    "slugAsParams": "buy-gold-online-in-kuwait"
  },
  {
    "slug": "blog/buy-gold-online-in-luxembourg",
    "country": "Luxembourg",
    "title": "Buy Gold Online in Luxembourg",
    "subtext": "Buy Gold Online in Luxembourg, Discover the Best Deals in 2024",
    "description": "Looking to purchase gold bars online in the Luxembourg?",
    "date": "2024-06-18T00:00:00.000Z",
    "published": true,
    "body": "const{Fragment:e,jsx:t,jsxs:n}=arguments[0];function _createMdxContent(i){const o={p:\"p\",...i.components};return n(e,{children:[t(o.p,{children:\"Gold, a highly sought-after precious metal, presents an excellent opportunity for portfolio diversification, inflation hedging, and wealth preservation. However, the price of gold varies across different countries. In this article, we will explore the top 15 countries where you can find the most affordable gold prices in 2024.Investing in gold requires careful consideration of authenticity, safety, and trustworthiness. While seeking the most cost-effective options, it is crucial to prioritize reputable sources. Although gold prices remain relatively consistent worldwide, currency fluctuations can impact the final amount you pay.\"}),\"\\n\",t(o.p,{children:\"Staying informed about these fluctuations and understanding local regulations is essential. Countries like Luxembourg have implemented strict guidelines and regulations surrounding gold ownership, ensuring a secure market. Conversely, some nations may lack such safeguards. By purchasing from a trusted gold dealer backed by reputable institutions like the US Mint, you can be confident that you are acquiring genuine, untampered gold without the risk of counterfeit products. Invest wisely and explore the best opportunities to buy gold online in Luxembourg in 2024!\"}),\"\\n\",t(o.p,{children:\"Gold is in demand worldwide. And demand is increasing: more and more private savers and commercial investors see gold as an important, long-term investment, for example to provide for old age. Unlike savings accounts and securities, physical gold is considered an investment that has proven to be comparatively stable in value and crisis-proof. If you would also like to buy gold or gold bars, this article will tell you what to look out for when buying, which gold bars are best suited and how the price of gold is calculated.\"})]})}return{default:function(e={}){const{wrapper:n}=e.components||{};return n?t(n,{...e,children:t(_createMdxContent,{...e})}):_createMdxContent(e)}};",
    "slugAsParams": "buy-gold-online-in-luxembourg"
  },
  {
    "slug": "blog/buy-gold-online-in-malta",
    "country": "Malta",
    "title": "Buy Gold Online in Malta",
    "subtext": "Buy Gold Online in Malta, Discover the Best Deals in 2024",
    "description": "Looking to purchase gold bars online in the Malta?",
    "date": "2024-06-18T00:00:00.000Z",
    "published": true,
    "body": "const{Fragment:e,jsx:t,jsxs:n}=arguments[0];function _createMdxContent(i){const o={p:\"p\",...i.components};return n(e,{children:[t(o.p,{children:\"Gold, a highly sought-after precious metal, presents an excellent opportunity for portfolio diversification, inflation hedging, and wealth preservation. However, the price of gold varies across different countries.\"}),\"\\n\",t(o.p,{children:\"In this article, we will explore the top 15 countries where you can find the most affordable gold prices in 2024.Investing in gold requires careful consideration of authenticity, safety, and trustworthiness. While seeking the most cost-effective options, it is crucial to prioritize reputable sources. Although gold prices remain relatively consistent worldwide, currency fluctuations can impact the final amount you pay. Staying informed about these fluctuations and understanding local regulations is essential.\"}),\"\\n\",t(o.p,{children:\"Countries like Malta have implemented strict guidelines and regulations surrounding gold ownership, ensuring a secure market. Conversely, some nations may lack such safeguards. By purchasing from a trusted gold dealer backed by reputable institutions like the US Mint, you can be confident that you are acquiring genuine, untampered gold without the risk of counterfeit products. Invest wisely and explore the best opportunities to buy gold online in Malta in 2024!\"}),\"\\n\",t(o.p,{children:\"Gold is in demand worldwide. And demand is increasing: more and more private savers and commercial investors see gold as an important, long-term investment, for example to provide for old age. Unlike savings accounts and securities, physical gold is considered an investment that has proven to be comparatively stable in value and crisis-proof.\"}),\"\\n\",t(o.p,{children:\"If you would also like to buy gold or gold bars, this article will tell you what to look out for when buying, which gold bars are best suited and how the price of gold is calculated.\"})]})}return{default:function(e={}){const{wrapper:n}=e.components||{};return n?t(n,{...e,children:t(_createMdxContent,{...e})}):_createMdxContent(e)}};",
    "slugAsParams": "buy-gold-online-in-malta"
  },
  {
    "slug": "blog/buy-gold-online-in-new-zealand",
    "country": "New Zealand",
    "title": "Buy Gold Online in New Zealand",
    "subtext": "Buy Gold Online in New Zealand, Discover the Best Deals in 2024",
    "description": "Looking to purchase gold bars online in the New Zealand?",
    "date": "2024-06-18T00:00:00.000Z",
    "published": true,
    "body": "const{Fragment:e,jsx:n,jsxs:t}=arguments[0];function _createMdxContent(i){const o={p:\"p\",...i.components};return t(e,{children:[n(o.p,{children:\"Gold, a highly sought-after precious metal, presents an excellent opportunity for portfolio diversification, inflation hedging, and wealth preservation. However, the price of gold varies across different countries.\"}),\"\\n\",n(o.p,{children:\"In this article, we will explore the top 15 countries where you can find the most affordable gold prices in 2024.Investing in gold requires careful consideration of authenticity, safety, and trustworthiness. While seeking the most cost-effective options, it is crucial to prioritize reputable sources. Although gold prices remain relatively consistent worldwide, currency fluctuations can impact the final amount you pay. Staying informed about these fluctuations and understanding local regulations is essential.\"}),\"\\n\",n(o.p,{children:\"Countries like New Zealand have implemented strict guidelines and regulations surrounding gold ownership, ensuring a secure market. Conversely, some nations may lack such safeguards. By purchasing from a trusted gold dealer backed by reputable institutions like the US Mint, you can be confident that you are acquiring genuine, untampered gold without the risk of counterfeit products. Invest wisely and explore the best opportunities to buy gold online in New Zealand in 2024!\"}),\"\\n\",n(o.p,{children:\"Gold is in demand worldwide. And demand is increasing: more and more private savers and commercial investors see gold as an important, long-term investment, for example to provide for old age. Unlike savings accounts and securities, physical gold is considered an investment that has proven to be comparatively stable in value and crisis-proof.\"}),\"\\n\",n(o.p,{children:\"If you would also like to buy gold or gold bars, this article will tell you what to look out for when buying, which gold bars are best suited and how the price of gold is calculated.\"})]})}return{default:function(e={}){const{wrapper:t}=e.components||{};return t?n(t,{...e,children:n(_createMdxContent,{...e})}):_createMdxContent(e)}};",
    "slugAsParams": "buy-gold-online-in-new-zealand"
  },
  {
    "slug": "blog/buy-gold-online-in-oman",
    "country": "Oman",
    "title": "Buy Gold Online in Oman",
    "subtext": "Buy Gold Online in Luxembourg, Discover the Best Deals in 2024",
    "description": "Looking to purchase gold bars online in the Oman?",
    "date": "2024-06-18T00:00:00.000Z",
    "published": true,
    "body": "const{Fragment:e,jsx:t,jsxs:n}=arguments[0];function _createMdxContent(i){const o={p:\"p\",...i.components};return n(e,{children:[t(o.p,{children:\"Gold, a highly sought-after precious metal, presents an excellent opportunity for portfolio diversification, inflation hedging, and wealth preservation. However, the price of gold varies across different countries. In this article, we will explore the top 15 countries where you can find the most affordable gold prices in 2024.Investing in gold requires careful consideration of authenticity, safety, and trustworthiness. While seeking the most cost-effective options, it is crucial to prioritize reputable sources. Although gold prices remain relatively consistent worldwide, currency fluctuations can impact the final amount you pay. Staying informed about these fluctuations and understanding local regulations is essential.\"}),\"\\n\",t(o.p,{children:\"Countries like Oman have implemented strict guidelines and regulations surrounding gold ownership, ensuring a secure market. Conversely, some nations may lack such safeguards. By purchasing from a trusted gold dealer backed by reputable institutions like the US Mint, you can be confident that you are acquiring genuine, untampered gold without the risk of counterfeit products. Invest wisely and explore the best opportunities to buy gold online in Oman in 2024!\"}),\"\\n\",t(o.p,{children:\"Gold is in demand worldwide. And demand is increasing: more and more private savers and commercial investors see gold as an important, long-term investment, for example to provide for old age. Unlike savings accounts and securities, physical gold is considered an investment that has proven to be comparatively stable in value and crisis-proof. If you would also like to buy gold or gold bars, this article will tell you what to look out for when buying, which gold bars are best suited and how the price of gold is calculated.\"})]})}return{default:function(e={}){const{wrapper:n}=e.components||{};return n?t(n,{...e,children:t(_createMdxContent,{...e})}):_createMdxContent(e)}};",
    "slugAsParams": "buy-gold-online-in-oman"
  },
  {
    "slug": "blog/buy-gold-online-in-qatar",
    "country": "Qatar",
    "title": "Buy Gold Online in Qatar",
    "subtext": "Buy Gold Online in Qatar, Discover the Best Deals in 2024",
    "description": "Looking to purchase gold bars online in the Qatar?",
    "date": "2024-06-18T00:00:00.000Z",
    "published": true,
    "body": "const{Fragment:e,jsx:t,jsxs:n}=arguments[0];function _createMdxContent(i){const o={p:\"p\",...i.components};return n(e,{children:[t(o.p,{children:\"Gold, a highly sought-after precious metal, presents an excellent opportunity for portfolio diversification, inflation hedging, and wealth preservation. However, the price of gold varies across different countries. In this article, we will explore the top 15 countries where you can find the most affordable gold prices in 2024.Investing in gold requires careful consideration of authenticity, safety, and trustworthiness. While seeking the most cost-effective options, it is crucial to prioritize reputable sources. Although gold prices remain relatively consistent worldwide, currency fluctuations can impact the final amount you pay. Staying informed about these fluctuations and understanding local regulations is essential. Countries like Qatar have implemented strict guidelines and regulations surrounding gold ownership, ensuring a secure market. Conversely, some nations may lack such safeguards.\"}),\"\\n\",t(o.p,{children:\"By purchasing from a trusted gold dealer backed by reputable institutions like the US Mint, you can be confident that you are acquiring genuine, untampered gold without the risk of counterfeit products. Invest wisely and explore the best opportunities to buy gold online in Qatar in 2024!\"}),\"\\n\",t(o.p,{children:\"Gold is in demand worldwide. And demand is increasing: more and more private savers and commercial investors see gold as an important, long-term investment, for example to provide for old age. Unlike savings accounts and securities, physical gold is considered an investment that has proven to be comparatively stable in value and crisis-proof. If you would also like to buy gold or gold bars, this article will tell you what to look out for when buying, which gold bars are best suited and how the price of gold is calculated.\"})]})}return{default:function(e={}){const{wrapper:n}=e.components||{};return n?t(n,{...e,children:t(_createMdxContent,{...e})}):_createMdxContent(e)}};",
    "slugAsParams": "buy-gold-online-in-qatar"
  },
  {
    "slug": "blog/buy-gold-online-in-san-marino",
    "country": "San Marino",
    "title": "Buy Gold Online in San Marino",
    "subtext": "Buy Gold Online in San Marino, Discover the Best Deals in 2024",
    "description": "Looking to purchase gold bars online in the San Marino?",
    "date": "2024-06-18T00:00:00.000Z",
    "published": true,
    "body": "const{Fragment:e,jsx:n,jsxs:t}=arguments[0];function _createMdxContent(i){const o={p:\"p\",...i.components};return t(e,{children:[n(o.p,{children:\"Gold, a highly sought-after precious metal, presents an excellent opportunity for portfolio diversification, inflation hedging, and wealth preservation. However, the price of gold varies across different countries.\"}),\"\\n\",n(o.p,{children:\"In this article, we will explore the top 15 countries where you can find the most affordable gold prices in 2024.Investing in gold requires careful consideration of authenticity, safety, and trustworthiness. While seeking the most cost-effective options, it is crucial to prioritize reputable sources. Although gold prices remain relatively consistent worldwide, currency fluctuations can impact the final amount you pay. Staying informed about these fluctuations and understanding local regulations is essential.\"}),\"\\n\",n(o.p,{children:\"Countries like San Marino have implemented strict guidelines and regulations surrounding gold ownership, ensuring a secure market. Conversely, some nations may lack such safeguards. By purchasing from a trusted gold dealer backed by reputable institutions like the US Mint, you can be confident that you are acquiring genuine, untampered gold without the risk of counterfeit products. Invest wisely and explore the best opportunities to buy gold online in San Marino in 2024!\"}),\"\\n\",n(o.p,{children:\"Gold is in demand worldwide. And demand is increasing: more and more private savers and commercial investors see gold as an important, long-term investment, for example to provide for old age. Unlike savings accounts and securities, physical gold is considered an investment that has proven to be comparatively stable in value and crisis-proof.\"}),\"\\n\",n(o.p,{children:\"If you would also like to buy gold or gold bars, this article will tell you what to look out for when buying, which gold bars are best suited and how the price of gold is calculated.\"})]})}return{default:function(e={}){const{wrapper:t}=e.components||{};return t?n(t,{...e,children:n(_createMdxContent,{...e})}):_createMdxContent(e)}};",
    "slugAsParams": "buy-gold-online-in-san-marino"
  },
  {
    "slug": "blog/buy-gold-online-in-saudi-arabia",
    "country": "Saudi Arabia",
    "title": "Buy Gold Online in Saudi Arabia",
    "subtext": "Buy Gold Online in Saudi Arabia, Discover the Best Deals in 2024",
    "description": "Looking to purchase gold bars online in the Saudi Arabia?",
    "date": "2024-06-18T00:00:00.000Z",
    "published": true,
    "body": "const{Fragment:e,jsx:t,jsxs:n}=arguments[0];function _createMdxContent(i){const o={p:\"p\",...i.components};return n(e,{children:[t(o.p,{children:\"Gold, a highly sought-after precious metal, presents an excellent opportunity for portfolio diversification, inflation hedging, and wealth preservation. However, the price of gold varies across different countries.\"}),\"\\n\",t(o.p,{children:\"In this article, we will explore the top 15 countries where you can find the most affordable gold prices in 2024.Investing in gold requires careful consideration of authenticity, safety, and trustworthiness. While seeking the most cost-effective options, it is crucial to prioritize reputable sources. Although gold prices remain relatively consistent worldwide, currency fluctuations can impact the final amount you pay. Staying informed about these fluctuations and understanding local regulations is essential.\"}),\"\\n\",t(o.p,{children:\"Countries like Saudi Arabia have implemented strict guidelines and regulations surrounding gold ownership, ensuring a secure market. Conversely, some nations may lack such safeguards. By purchasing from a trusted gold dealer backed by reputable institutions like the US Mint, you can be confident that you are acquiring genuine, untampered gold without the risk of counterfeit products. Invest wisely and explore the best opportunities to buy gold online in Saudi Arabia in 2024!\"}),\"\\n\",t(o.p,{children:\"Gold is in demand worldwide. And demand is increasing: more and more private savers and commercial investors see gold as an important, long-term investment, for example to provide for old age. Unlike savings accounts and securities, physical gold is considered an investment that has proven to be comparatively stable in value and crisis-proof.\"}),\"\\n\",t(o.p,{children:\"If you would also like to buy gold or gold bars, this article will tell you what to look out for when buying, which gold bars are best suited and how the price of gold is calculated.\"})]})}return{default:function(e={}){const{wrapper:n}=e.components||{};return n?t(n,{...e,children:t(_createMdxContent,{...e})}):_createMdxContent(e)}};",
    "slugAsParams": "buy-gold-online-in-saudi-arabia"
  },
  {
    "slug": "blog/drc-and-emirati-gold-deal",
    "country": "Congo",
    "title": "DRC and Emirati have sealed their Gold partnership",
    "subtext": "Democratic Republic of Congo to Gain Control of Gold-Export Venture Amid Slump in Shipments",
    "description": "Democratic Republic of Congo (DRC) to Gain Full Control of Gold-Export Venture Amid Slump in Shipments",
    "date": "2024-06-17T00:00:00.000Z",
    "published": true,
    "body": "const{Fragment:e,jsx:t,jsxs:n}=arguments[0];function _createMdxContent(i){const r={p:\"p\",...i.components},{Image:o}=r;return o||function(e,t){throw new Error(\"Expected \"+(t?\"component\":\"object\")+\" `\"+e+\"` to be defined: you likely forgot to import, pass, or provide it.\")}(\"Image\",!0),n(e,{children:[t(r.p,{children:\"DRC's efforts to tackle the illicit gold trade, a source of funding for regional conflicts, led to the establishment of Primera Gold DRC SA in partnership with Primera Group Ltd., based in Abu Dhabi. While the joint venture initially saw success, with an impressive sale of 5 tons of gold valued at $300 million in its inaugural year, subsequent shipments dwindled, prompting DRC to pursue full control of the venture.\"}),\"\\n\",t(o,{src:\"/gold1.webp\",width:\"718\",height:\"204\",sizes:\"100vw\",alt:\"DRC and Emirati have sealed their Gold partnership\"}),\"\\n\",t(r.p,{children:\"This move signifies a strategic shift in DRC's approach to\\r\\nmanaging its valuable mineral resources independently, amidst concerns over the preferential terms granted to Primera Gold, which UN experts suggested inadvertently facilitated a monopoly on legal gold exports, failing to effectively curb smuggling.\"}),\"\\n\",t(o,{src:\"/gold4.webp\",width:\"718\",height:\"404\",alt:\"Image\",sizes:\"100vw\"}),\"\\n\",t(r.p,{children:\"By finalizing the takeover, DRC aims to assert greater control over its gold exports and address transparency concerns surrounding the provenance of the precious metal. The conclusion of this partnership marks a pivotal moment in DRC's relationship with the UAE, signaling a shift in focus towards managing its resources autonomously. Meanwhile, Primera Group, retaining its focus on the region's mineral wealth, will redirect its efforts towards refining other valuable minerals like tungsten, tin, and tantalum. Despite challenges and accusations, Primera Group remains committed to developing ventures in eastern Congo, aligning with DRC's vision for sustainable mineral resource management and economic development in the region.\"})]})}return{default:function(e={}){const{wrapper:n}=e.components||{};return n?t(n,{...e,children:t(_createMdxContent,{...e})}):_createMdxContent(e)}};",
    "slugAsParams": "drc-and-emirati-gold-deal"
  }
]